Path;SteerAngle;Throttle;Brake;Speed;X_Position;Y_Position;Pitch;Yaw;Roll
/Users/ulrichludmann/Documents/ud_robotics_term1/RoboND-Rover-Project/IMG/robocam_2017_08_18_10_32_28_037.jpg;0;0;1;0;99.66998;85.58897;0.000235436;44.32356;-2.960511E-08
/Users/ulrichludmann/Documents/ud_robotics_term1/RoboND-Rover-Project/IMG/robocam_2017_08_18_10_32_28_088.jpg;0;0;0;0;99.66998;85.58897;0.0002348459;44.32356;-2.781382E-07
/Users/ulrichludmann/Documents/ud_robotics_term1/RoboND-Rover-Project/IMG/robocam_2017_08_18_10_32_28_155.jpg;0;0;0;0;99.66998;85.58897;0.0002341833;44.32356;-9.04581E-07
/Users/ulrichludmann/Documents/ud_robotics_term1/RoboND-Rover-Project/IMG/robocam_2017_08_18_10_32_28_222.jpg;0;0;0;0;99.66998;85.58897;0.00023394;44.32356;-1.701821E-06
/Users/ulrichludmann/Documents/ud_robotics_term1/RoboND-Rover-Project/IMG/robocam_2017_08_18_10_32_28_288.jpg;0;0;0;0;99.66998;85.58897;0.000233733;44.32356;-2.31011E-06
/Users/ulrichludmann/Documents/ud_robotics_term1/RoboND-Rover-Project/IMG/robocam_2017_08_18_10_32_28_355.jpg;0;0;0;0;99.66998;85.58897;0.00023335;44.32356;-3.05042E-06
/Users/ulrichludmann/Documents/ud_robotics_term1/RoboND-Rover-Project/IMG/robocam_2017_08_18_10_32_28_421.jpg;0;0;0;0;99.66998;85.58897;0.0002331171;44.32356;-3.322221E-06
/Users/ulrichludmann/Documents/ud_robotics_term1/RoboND-Rover-Project/IMG/robocam_2017_08_18_10_32_28_488.jpg;1.994523;0;0;0;99.66998;85.58897;0.0002325947;44.44323;-4.24648E-06
/Users/ulrichludmann/Documents/ud_robotics_term1/RoboND-Rover-Project/IMG/robocam_2017_08_18_10_32_28_555.jpg;-2.035074;0;0;0;99.66998;85.58897;0.0002341894;44.19542;-3.652671E-06
/Users/ulrichludmann/Documents/ud_robotics_term1/RoboND-Rover-Project/IMG/robocam_2017_08_18_10_32_28_623.jpg;-6.036115;0;0;0;99.66998;85.58897;0.0002335915;43.22945;-2.025849E-07
/Users/ulrichludmann/Documents/ud_robotics_term1/RoboND-Rover-Project/IMG/robocam_2017_08_18_10_32_28_688.jpg;-2.045513;0;0;0;99.66998;85.58897;0.0002336709;42.6231;1.710166E-06
/Users/ulrichludmann/Documents/ud_robotics_term1/RoboND-Rover-Project/IMG/robocam_2017_08_18_10_32_28_755.jpg;1.949465;0;0;0;99.66998;85.58897;0.0002327503;42.8507;-4.378039E-07
/Users/ulrichludmann/Documents/ud_robotics_term1/RoboND-Rover-Project/IMG/robocam_2017_08_18_10_32_28_822.jpg;5.937127;0;0;0;99.66998;85.58897;0.000232543;43.79977;-4.53732E-06
/Users/ulrichludmann/Documents/ud_robotics_term1/RoboND-Rover-Project/IMG/robocam_2017_08_18_10_32_28_887.jpg;5.926985;0;0;0;99.66998;85.58897;0.0002326417;45.10643;-9.198657E-06
/Users/ulrichludmann/Documents/ud_robotics_term1/RoboND-Rover-Project/IMG/robocam_2017_08_18_10_32_28_954.jpg;1.939623;0;0;0;99.66998;85.58897;0.0002332701;45.81186;-1.035077E-05
/Users/ulrichludmann/Documents/ud_robotics_term1/RoboND-Rover-Project/IMG/robocam_2017_08_18_10_32_29_021.jpg;2.001657;0;0;0;99.66998;85.58897;0.0002333595;46.05205;-9.98909E-06
/Users/ulrichludmann/Documents/ud_robotics_term1/RoboND-Rover-Project/IMG/robocam_2017_08_18_10_32_29_088.jpg;6.018777;0;0;0;99.66998;85.58897;0.0002332597;46.89319;-1.125072E-05
/Users/ulrichludmann/Documents/ud_robotics_term1/RoboND-Rover-Project/IMG/robocam_2017_08_18_10_32_29_155.jpg;2.023616;0;0;0;99.66998;85.58897;0.0002331164;47.61816;-1.303856E-05
/Users/ulrichludmann/Documents/ud_robotics_term1/RoboND-Rover-Project/IMG/robocam_2017_08_18_10_32_29_221.jpg;0;0;0;0;99.66998;85.58897;0.0002337779;47.61985;-1.164085E-05
/Users/ulrichludmann/Documents/ud_robotics_term1/RoboND-Rover-Project/IMG/robocam_2017_08_18_10_32_29_287.jpg;0;0;0;0;99.66998;85.58897;0.0002345283;47.61985;-1.003362E-05
/Users/ulrichludmann/Documents/ud_robotics_term1/RoboND-Rover-Project/IMG/robocam_2017_08_18_10_32_29_354.jpg;0;0;0;0;99.66998;85.58897;0.0002354453;47.61985;-7.675051E-06
/Users/ulrichludmann/Documents/ud_robotics_term1/RoboND-Rover-Project/IMG/robocam_2017_08_18_10_32_29_421.jpg;0;0;0;0;99.66998;85.58897;0.0002360608;47.61985;-5.719551E-06
/Users/ulrichludmann/Documents/ud_robotics_term1/RoboND-Rover-Project/IMG/robocam_2017_08_18_10_32_29_487.jpg;0;0;0;0;99.66998;85.58897;0.0002361563;47.61985;-4.19452E-06
/Users/ulrichludmann/Documents/ud_robotics_term1/RoboND-Rover-Project/IMG/robocam_2017_08_18_10_32_29_554.jpg;0;0;0;0;99.66998;85.58897;0.0002359372;47.61985;-2.448118E-06
/Users/ulrichludmann/Documents/ud_robotics_term1/RoboND-Rover-Project/IMG/robocam_2017_08_18_10_32_29_621.jpg;0;0.1999229;0;0;99.67013;85.58913;0.004762404;47.62148;-7.419451E-07
/Users/ulrichludmann/Documents/ud_robotics_term1/RoboND-Rover-Project/IMG/robocam_2017_08_18_10_32_29_687.jpg;0;0.400854;0;0.01485825;99.67089;85.58997;0.02838059;47.64642;0.0001109214
/Users/ulrichludmann/Documents/ud_robotics_term1/RoboND-Rover-Project/IMG/robocam_2017_08_18_10_32_29_754.jpg;0;0.6003209;0;0.04011137;99.67478;85.59425;0.1486228;47.71076;6.567076E-05
/Users/ulrichludmann/Documents/ud_robotics_term1/RoboND-Rover-Project/IMG/robocam_2017_08_18_10_32_29_821.jpg;0;0.8003549;0;0.07502493;99.68007;85.60007;0.3045334;47.76195;-0.0002143602
/Users/ulrichludmann/Documents/ud_robotics_term1/RoboND-Rover-Project/IMG/robocam_2017_08_18_10_32_29_888.jpg;0;1;0;0.1196317;99.687;85.60772;0.4859979;47.85141;-0.0003954315
/Users/ulrichludmann/Documents/ud_robotics_term1/RoboND-Rover-Project/IMG/robocam_2017_08_18_10_32_29_955.jpg;0;1;0;0.1732079;99.70062;85.6227;0.8012335;47.72741;-0.0001824853
/Users/ulrichludmann/Documents/ud_robotics_term1/RoboND-Rover-Project/IMG/robocam_2017_08_18_10_32_30_021.jpg;0;1;0;0.2237143;99.71339;85.63674;1.05771;47.80608;-0.00153532
/Users/ulrichludmann/Documents/ud_robotics_term1/RoboND-Rover-Project/IMG/robocam_2017_08_18_10_32_30_088.jpg;0;1;0;0.2880625;99.72865;85.6534;1.312261;47.57538;-0.0005063138
/Users/ulrichludmann/Documents/ud_robotics_term1/RoboND-Rover-Project/IMG/robocam_2017_08_18_10_32_30_155.jpg;0;1;0;0.3242243;99.74583;85.67301;1.223137;47.52856;-0.001036797
/Users/ulrichludmann/Documents/ud_robotics_term1/RoboND-Rover-Project/IMG/robocam_2017_08_18_10_32_30_221.jpg;0;1;0;0.4017562;99.76143;85.69022;1.113347;47.47103;0.0001993137
/Users/ulrichludmann/Documents/ud_robotics_term1/RoboND-Rover-Project/IMG/robocam_2017_08_18_10_32_30_287.jpg;0;1;0;0.4837529;99.78072;85.71113;1.09717;47.36203;0.0005921472
/Users/ulrichludmann/Documents/ud_robotics_term1/RoboND-Rover-Project/IMG/robocam_2017_08_18_10_32_30_355.jpg;0;1;0;0.5326691;99.8101;85.74287;1.145926;47.26383;0.001531416
/Users/ulrichludmann/Documents/ud_robotics_term1/RoboND-Rover-Project/IMG/robocam_2017_08_18_10_32_30_422.jpg;0;1;0;0.5712954;99.83478;85.76935;1.210291;47.38645;-0.00203529
/Users/ulrichludmann/Documents/ud_robotics_term1/RoboND-Rover-Project/IMG/robocam_2017_08_18_10_32_30_488.jpg;0;1;0;0.6243445;99.8605;85.79705;1.230081;47.35967;-0.0004862027
/Users/ulrichludmann/Documents/ud_robotics_term1/RoboND-Rover-Project/IMG/robocam_2017_08_18_10_32_30_555.jpg;0;1;0;0.6785126;99.89764;85.83708;1.215574;47.41579;-0.001646499
/Users/ulrichludmann/Documents/ud_robotics_term1/RoboND-Rover-Project/IMG/robocam_2017_08_18_10_32_30_621.jpg;0;1;0;0.7284005;99.92772;85.8696;1.191507;47.41186;-0.001122955
/Users/ulrichludmann/Documents/ud_robotics_term1/RoboND-Rover-Project/IMG/robocam_2017_08_18_10_32_30_688.jpg;0;1;0;0.8012379;99.96037;85.90491;1.199602;47.46339;-0.0009141916
/Users/ulrichludmann/Documents/ud_robotics_term1/RoboND-Rover-Project/IMG/robocam_2017_08_18_10_32_30_755.jpg;0;1;0;0.8491431;100.0072;85.95547;1.212899;47.42495;-0.0005893692
/Users/ulrichludmann/Documents/ud_robotics_term1/RoboND-Rover-Project/IMG/robocam_2017_08_18_10_32_30_822.jpg;0;1;0;0.9026546;100.0448;85.99612;1.223457;47.43372;-0.001167908
/Users/ulrichludmann/Documents/ud_robotics_term1/RoboND-Rover-Project/IMG/robocam_2017_08_18_10_32_30_888.jpg;0;1;0;0.9677976;100.0843;86.03883;1.223821;47.47503;-0.0008743035
/Users/ulrichludmann/Documents/ud_robotics_term1/RoboND-Rover-Project/IMG/robocam_2017_08_18_10_32_30_955.jpg;0;1;0;1.021936;100.14;86.099;1.214412;47.48652;-0.001233393
/Users/ulrichludmann/Documents/ud_robotics_term1/RoboND-Rover-Project/IMG/robocam_2017_08_18_10_32_31_021.jpg;0;1;0;1.065956;100.1841;86.14675;1.218006;47.47712;-0.0007273126
/Users/ulrichludmann/Documents/ud_robotics_term1/RoboND-Rover-Project/IMG/robocam_2017_08_18_10_32_31_088.jpg;0;1;0;1.125308;100.23;86.19646;1.221044;47.52128;-0.001080616
/Users/ulrichludmann/Documents/ud_robotics_term1/RoboND-Rover-Project/IMG/robocam_2017_08_18_10_32_31_155.jpg;0;1;0;1.175126;100.2943;86.26601;1.228088;47.48014;-0.0006095209
/Users/ulrichludmann/Documents/ud_robotics_term1/RoboND-Rover-Project/IMG/robocam_2017_08_18_10_32_31_222.jpg;0;1;0;1.218577;100.3446;86.32053;1.230342;47.44291;-0.0006548353
/Users/ulrichludmann/Documents/ud_robotics_term1/RoboND-Rover-Project/IMG/robocam_2017_08_18_10_32_31_288.jpg;0;1;0;1.284926;100.397;86.37714;1.233581;47.41327;-0.0007648115
/Users/ulrichludmann/Documents/ud_robotics_term1/RoboND-Rover-Project/IMG/robocam_2017_08_18_10_32_31_355.jpg;0;1;0;1.332222;100.4698;86.4558;1.236449;47.38593;-0.0008701712
/Users/ulrichludmann/Documents/ud_robotics_term1/RoboND-Rover-Project/IMG/robocam_2017_08_18_10_32_31_422.jpg;0;1;0;1.379277;100.5268;86.51728;1.243981;47.36135;-0.0008301436
/Users/ulrichludmann/Documents/ud_robotics_term1/RoboND-Rover-Project/IMG/robocam_2017_08_18_10_32_31_488.jpg;0;1;0;1.440588;100.5856;86.58068;1.244411;47.35188;-0.0009398528
/Users/ulrichludmann/Documents/ud_robotics_term1/RoboND-Rover-Project/IMG/robocam_2017_08_18_10_32_31_555.jpg;0;1;0;1.488649;100.6672;86.66853;1.25172;47.3339;-0.0009596304
/Users/ulrichludmann/Documents/ud_robotics_term1/RoboND-Rover-Project/IMG/robocam_2017_08_18_10_32_31_622.jpg;0;1;0;1.535572;100.7306;86.73674;1.253821;47.32285;-0.000963314
/Users/ulrichludmann/Documents/ud_robotics_term1/RoboND-Rover-Project/IMG/robocam_2017_08_18_10_32_31_688.jpg;0;1;0;1.597406;100.7959;86.80704;1.259542;47.31052;-0.0009846122
/Users/ulrichludmann/Documents/ud_robotics_term1/RoboND-Rover-Project/IMG/robocam_2017_08_18_10_32_31_756.jpg;0;1;0;1.642929;100.886;86.90388;1.264244;47.29523;-0.0009718576
/Users/ulrichludmann/Documents/ud_robotics_term1/RoboND-Rover-Project/IMG/robocam_2017_08_18_10_32_31_822.jpg;0;1;0;1.689805;100.9557;86.9789;1.270423;47.28389;-0.0009965989
/Users/ulrichludmann/Documents/ud_robotics_term1/RoboND-Rover-Project/IMG/robocam_2017_08_18_10_32_31_889.jpg;0;1;0;1.751088;101.0274;87.05585;1.272578;47.27425;-0.001032147
/Users/ulrichludmann/Documents/ud_robotics_term1/RoboND-Rover-Project/IMG/robocam_2017_08_18_10_32_31_955.jpg;0;1;0;1.796719;101.1259;87.16163;1.280206;47.25848;-0.001038021
/Users/ulrichludmann/Documents/ud_robotics_term1/RoboND-Rover-Project/IMG/robocam_2017_08_18_10_32_32_022.jpg;0;1;0;1.841655;101.2019;87.24325;1.28419;47.24711;-0.001064043
/Users/ulrichludmann/Documents/ud_robotics_term1/RoboND-Rover-Project/IMG/robocam_2017_08_18_10_32_32_088.jpg;0;1;0;1.902844;101.2798;87.32686;1.28884;47.23605;-0.001078028
/Users/ulrichludmann/Documents/ud_robotics_term1/RoboND-Rover-Project/IMG/robocam_2017_08_18_10_32_32_155.jpg;0;1;0;1.948011;101.3866;87.44136;1.292984;47.22258;-0.001115926
/Users/ulrichludmann/Documents/ud_robotics_term1/RoboND-Rover-Project/IMG/robocam_2017_08_18_10_32_32_221.jpg;0;1;0;1.99303;101.4689;87.52953;1.296001;47.21137;-0.001119877
/Users/ulrichludmann/Documents/ud_robotics_term1/RoboND-Rover-Project/IMG/robocam_2017_08_18_10_32_32_288.jpg;0;1;0;2.052721;101.553;87.61969;1.301494;47.19869;-0.001139201
/Users/ulrichludmann/Documents/ud_robotics_term1/RoboND-Rover-Project/IMG/robocam_2017_08_18_10_32_32_355.jpg;0;1;0;2.097393;101.668;87.74287;1.306494;47.18389;-0.001172483
/Users/ulrichludmann/Documents/ud_robotics_term1/RoboND-Rover-Project/IMG/robocam_2017_08_18_10_32_32_421.jpg;0;1;0;2.141111;101.7564;87.83749;1.307968;47.17286;-0.001167226
/Users/ulrichludmann/Documents/ud_robotics_term1/RoboND-Rover-Project/IMG/robocam_2017_08_18_10_32_32_488.jpg;0;1;0;2.200703;101.8466;87.93405;1.311993;47.16291;-0.001202108
/Users/ulrichludmann/Documents/ud_robotics_term1/RoboND-Rover-Project/IMG/robocam_2017_08_18_10_32_32_555.jpg;0;1;0;2.244915;101.9698;88.0658;1.317547;47.14645;-0.001222607
/Users/ulrichludmann/Documents/ud_robotics_term1/RoboND-Rover-Project/IMG/robocam_2017_08_18_10_32_32_621.jpg;0;1;0;2.288179;102.0643;88.16676;1.316736;47.13519;-0.001215508
/Users/ulrichludmann/Documents/ud_robotics_term1/RoboND-Rover-Project/IMG/robocam_2017_08_18_10_32_32_687.jpg;0;1;0;2.347109;102.1606;88.26969;1.321495;47.12342;-0.001237714
/Users/ulrichludmann/Documents/ud_robotics_term1/RoboND-Rover-Project/IMG/robocam_2017_08_18_10_32_32_755.jpg;0;1;0;2.390556;102.2918;88.40985;1.325608;47.10882;-0.001243267
/Users/ulrichludmann/Documents/ud_robotics_term1/RoboND-Rover-Project/IMG/robocam_2017_08_18_10_32_32_821.jpg;0;1;0;2.434159;102.3923;88.51715;1.327954;47.09649;-0.001257893
/Users/ulrichludmann/Documents/ud_robotics_term1/RoboND-Rover-Project/IMG/robocam_2017_08_18_10_32_32_888.jpg;0;1;0;2.491668;102.4947;88.62637;1.332995;47.08495;-0.00128864
/Users/ulrichludmann/Documents/ud_robotics_term1/RoboND-Rover-Project/IMG/robocam_2017_08_18_10_32_32_955.jpg;0;1;0;2.534658;102.6339;88.77489;1.341507;47.07;-0.001339831
/Users/ulrichludmann/Documents/ud_robotics_term1/RoboND-Rover-Project/IMG/robocam_2017_08_18_10_32_33_021.jpg;0;1;0;2.577044;102.7403;88.88833;1.337589;47.05835;-0.001315063
/Users/ulrichludmann/Documents/ud_robotics_term1/RoboND-Rover-Project/IMG/robocam_2017_08_18_10_32_33_088.jpg;-3.003031;1;0;2.634635;102.8492;89.0031;1.339411;46.88921;-0.0002772854
/Users/ulrichludmann/Documents/ud_robotics_term1/RoboND-Rover-Project/IMG/robocam_2017_08_18_10_32_33_155.jpg;-6.010696;1;0;2.676244;102.9994;89.15633;1.332247;46.11292;0.001769017
/Users/ulrichludmann/Documents/ud_robotics_term1/RoboND-Rover-Project/IMG/robocam_2017_08_18_10_32_33_221.jpg;-9.008011;1;0;2.716745;103.117;89.27023;1.319947;45.08;359.9801
/Users/ulrichludmann/Documents/ud_robotics_term1/RoboND-Rover-Project/IMG/robocam_2017_08_18_10_32_33_288.jpg;-11.99871;1;0;2.768222;103.2391;89.38183;1.278856;43.661;359.9074
/Users/ulrichludmann/Documents/ud_robotics_term1/RoboND-Rover-Project/IMG/robocam_2017_08_18_10_32_33_355.jpg;-12.00312;1;0;2.805273;103.4087;89.52548;1.114569;41.27342;359.7757
/Users/ulrichludmann/Documents/ud_robotics_term1/RoboND-Rover-Project/IMG/robocam_2017_08_18_10_32_33_422.jpg;-10.50768;1;0;2.833238;103.5405;89.63103;0.9564489;39.64554;359.6589
/Users/ulrichludmann/Documents/ud_robotics_term1/RoboND-Rover-Project/IMG/robocam_2017_08_18_10_32_33_488.jpg;-5.980634;1;0;2.903484;103.6758;89.73624;0.8018986;38.39617;359.5462
/Users/ulrichludmann/Documents/ud_robotics_term1/RoboND-Rover-Project/IMG/robocam_2017_08_18_10_32_33_555.jpg;-2.97729;1;0;2.945066;103.8609;89.87797;0.6354595;37.40672;359.4331
/Users/ulrichludmann/Documents/ud_robotics_term1/RoboND-Rover-Project/IMG/robocam_2017_08_18_10_32_33_622.jpg;0;1;0;2.985976;104.0028;89.98645;0.5562603;37.12732;359.3933
/Users/ulrichludmann/Documents/ud_robotics_term1/RoboND-Rover-Project/IMG/robocam_2017_08_18_10_32_33_688.jpg;0;1;0;3.039793;104.1474;90.09697;0.5348812;37.07376;359.3768
/Users/ulrichludmann/Documents/ud_robotics_term1/RoboND-Rover-Project/IMG/robocam_2017_08_18_10_32_33_755.jpg;0;1;0;3.078895;104.3441;90.24723;0.5716837;37.08198;359.4026
/Users/ulrichludmann/Documents/ud_robotics_term1/RoboND-Rover-Project/IMG/robocam_2017_08_18_10_32_33_822.jpg;0;1;0;3.11879;104.4944;90.36201;0.636824;37.10138;359.4579
/Users/ulrichludmann/Documents/ud_robotics_term1/RoboND-Rover-Project/IMG/robocam_2017_08_18_10_32_33_888.jpg;0;1;0;3.172269;104.6471;90.47855;0.7355977;37.12121;359.5336
/Users/ulrichludmann/Documents/ud_robotics_term1/RoboND-Rover-Project/IMG/robocam_2017_08_18_10_32_33_955.jpg;0;1;0;3.211303;104.8541;90.63665;0.9055853;37.15105;359.6649
/Users/ulrichludmann/Documents/ud_robotics_term1/RoboND-Rover-Project/IMG/robocam_2017_08_18_10_32_34_022.jpg;0;1;0;3.251318;105.0118;90.75725;1.057025;37.17869;359.7788
/Users/ulrichludmann/Documents/ud_robotics_term1/RoboND-Rover-Project/IMG/robocam_2017_08_18_10_32_34_088.jpg;0;1;0;3.303259;105.1714;90.87953;1.219673;37.20996;359.9044
/Users/ulrichludmann/Documents/ud_robotics_term1/RoboND-Rover-Project/IMG/robocam_2017_08_18_10_32_34_156.jpg;0;1;0;3.343128;105.3879;91.04378;1.4292;37.21625;-0.001303798
/Users/ulrichludmann/Documents/ud_robotics_term1/RoboND-Rover-Project/IMG/robocam_2017_08_18_10_32_34_222.jpg;0;1;0;3.381896;105.5512;91.16632;1.436644;37.20771;-0.002411975
/Users/ulrichludmann/Documents/ud_robotics_term1/RoboND-Rover-Project/IMG/robocam_2017_08_18_10_32_34_288.jpg;0;1;0;3.442137;105.7157;91.28998;1.390722;37.19376;-0.0009169561
/Users/ulrichludmann/Documents/ud_robotics_term1/RoboND-Rover-Project/IMG/robocam_2017_08_18_10_32_34_355.jpg;0;1;0;3.481035;105.9386;91.45752;1.374825;37.16425;-0.0009589572
/Users/ulrichludmann/Documents/ud_robotics_term1/RoboND-Rover-Project/IMG/robocam_2017_08_18_10_32_34_422.jpg;0;1;0;3.51983;106.1084;91.58508;1.390614;37.14078;-0.001012874
/Users/ulrichludmann/Documents/ud_robotics_term1/RoboND-Rover-Project/IMG/robocam_2017_08_18_10_32_34_488.jpg;0;1;0;3.571443;106.2803;91.7141;1.421024;37.11606;-0.001504705
/Users/ulrichludmann/Documents/ud_robotics_term1/RoboND-Rover-Project/IMG/robocam_2017_08_18_10_32_34_555.jpg;0;1;0;3.610628;106.512;91.88789;1.425694;37.08951;-0.00170466
/Users/ulrichludmann/Documents/ud_robotics_term1/RoboND-Rover-Project/IMG/robocam_2017_08_18_10_32_34_622.jpg;0;1;0;3.650086;106.6879;92.0197;1.418977;37.07523;-0.001220043
/Users/ulrichludmann/Documents/ud_robotics_term1/RoboND-Rover-Project/IMG/robocam_2017_08_18_10_32_34_688.jpg;0;1;0;3.701759;106.8659;92.15295;1.423201;37.05653;-0.001202591
/Users/ulrichludmann/Documents/ud_robotics_term1/RoboND-Rover-Project/IMG/robocam_2017_08_18_10_32_34_755.jpg;0;1;0;3.740516;107.1061;92.33266;1.42549;37.03009;-0.001579596
/Users/ulrichludmann/Documents/ud_robotics_term1/RoboND-Rover-Project/IMG/robocam_2017_08_18_10_32_34_821.jpg;0;1;0;3.779535;107.2885;92.469;1.428682;37.01047;-0.001700712
/Users/ulrichludmann/Documents/ud_robotics_term1/RoboND-Rover-Project/IMG/robocam_2017_08_18_10_32_34_888.jpg;0;1;0;3.830249;107.4728;92.6067;1.433826;36.99231;-0.001241189
/Users/ulrichludmann/Documents/ud_robotics_term1/RoboND-Rover-Project/IMG/robocam_2017_08_18_10_32_34_955.jpg;0;1;0;3.868592;107.7214;92.7923;1.439214;36.96621;-0.001158563
/Users/ulrichludmann/Documents/ud_robotics_term1/RoboND-Rover-Project/IMG/robocam_2017_08_18_10_32_35_022.jpg;0;1;0;3.906492;107.9101;92.93301;1.442846;36.94547;-0.001273113
/Users/ulrichludmann/Documents/ud_robotics_term1/RoboND-Rover-Project/IMG/robocam_2017_08_18_10_32_35_088.jpg;0;1;0;3.957382;108.1006;93.07498;1.442436;36.92587;-0.001283468
/Users/ulrichludmann/Documents/ud_robotics_term1/RoboND-Rover-Project/IMG/robocam_2017_08_18_10_32_35_155.jpg;-3.0042;1;0;3.99495;108.3585;93.26521;1.448403;36.65506;-0.0006685049
/Users/ulrichludmann/Documents/ud_robotics_term1/RoboND-Rover-Project/IMG/robocam_2017_08_18_10_32_35_222.jpg;-5.998096;1;0;4.032769;108.5554;93.40713;1.442415;36.07375;0.0007401895
/Users/ulrichludmann/Documents/ud_robotics_term1/RoboND-Rover-Project/IMG/robocam_2017_08_18_10_32_35_289.jpg;-6.006287;1;0;4.08076;108.7558;93.54752;1.42434;35.16752;-0.001036588
/Users/ulrichludmann/Documents/ud_robotics_term1/RoboND-Rover-Project/IMG/robocam_2017_08_18_10_32_35_355.jpg;-3.02193;1;0;4.118497;109.0274;93.73435;1.399245;34.1938;359.9807
/Users/ulrichludmann/Documents/ud_robotics_term1/RoboND-Rover-Project/IMG/robocam_2017_08_18_10_32_35_422.jpg;-0.02268076;1;0;4.155872;109.2338;93.87534;1.384951;33.85625;359.9693
/Users/ulrichludmann/Documents/ud_robotics_term1/RoboND-Rover-Project/IMG/robocam_2017_08_18_10_32_35_488.jpg;0;1;0;4.204804;109.4423;94.01743;1.382998;33.77052;359.9628
/Users/ulrichludmann/Documents/ud_robotics_term1/RoboND-Rover-Project/IMG/robocam_2017_08_18_10_32_35_555.jpg;0;1;0;4.241416;109.7237;94.20859;1.395844;33.77629;359.9713
/Users/ulrichludmann/Documents/ud_robotics_term1/RoboND-Rover-Project/IMG/robocam_2017_08_18_10_32_35_622.jpg;0;1;0;4.277912;109.9371;94.35345;1.418414;33.80705;359.993
/Users/ulrichludmann/Documents/ud_robotics_term1/RoboND-Rover-Project/IMG/robocam_2017_08_18_10_32_35_688.jpg;0;1;0;4.326044;110.1528;94.49919;1.452414;33.8322;359.9942
/Users/ulrichludmann/Documents/ud_robotics_term1/RoboND-Rover-Project/IMG/robocam_2017_08_18_10_32_35_755.jpg;0;1;0;4.361977;110.4431;94.69492;1.478682;33.84881;-0.004077647
/Users/ulrichludmann/Documents/ud_robotics_term1/RoboND-Rover-Project/IMG/robocam_2017_08_18_10_32_35_822.jpg;0;1;0;4.398174;110.663;94.84261;1.481578;33.84705;-0.003476501
/Users/ulrichludmann/Documents/ud_robotics_term1/RoboND-Rover-Project/IMG/robocam_2017_08_18_10_32_35_888.jpg;0;1;0;4.446927;110.8849;94.99126;1.48966;33.84277;-0.003290008
/Users/ulrichludmann/Documents/ud_robotics_term1/RoboND-Rover-Project/IMG/robocam_2017_08_18_10_32_35_955.jpg;0;1;0;4.483803;111.1838;95.19085;1.488762;33.81877;-0.001976139
/Users/ulrichludmann/Documents/ud_robotics_term1/RoboND-Rover-Project/IMG/robocam_2017_08_18_10_32_36_022.jpg;0;1;0;4.519449;111.4104;95.34161;1.494013;33.79483;-0.002209944
/Users/ulrichludmann/Documents/ud_robotics_term1/RoboND-Rover-Project/IMG/robocam_2017_08_18_10_32_36_088.jpg;0;1;0;4.567249;111.6389;95.49332;1.496844;33.76822;-0.001438139
/Users/ulrichludmann/Documents/ud_robotics_term1/RoboND-Rover-Project/IMG/robocam_2017_08_18_10_32_36_155.jpg;0;1;0;4.602879;111.9465;95.69706;1.495795;33.71958;-0.001323533
/Users/ulrichludmann/Documents/ud_robotics_term1/RoboND-Rover-Project/IMG/robocam_2017_08_18_10_32_36_222.jpg;0;1;0;4.638453;112.1794;95.85108;1.499596;33.684;-0.001351987
/Users/ulrichludmann/Documents/ud_robotics_term1/RoboND-Rover-Project/IMG/robocam_2017_08_18_10_32_36_288.jpg;0;1;0;4.685676;112.4142;96.0061;1.49905;33.65031;-0.001506733
/Users/ulrichludmann/Documents/ud_robotics_term1/RoboND-Rover-Project/IMG/robocam_2017_08_18_10_32_36_355.jpg;-3.00906;1;0;4.720775;112.7308;96.21339;1.501872;33.40001;-0.0004548441
/Users/ulrichludmann/Documents/ud_robotics_term1/RoboND-Rover-Project/IMG/robocam_2017_08_18_10_32_36_422.jpg;-6.002236;1;0;4.75533;112.9716;96.36801;1.504002;32.87863;-0.0002485871
/Users/ulrichludmann/Documents/ud_robotics_term1/RoboND-Rover-Project/IMG/robocam_2017_08_18_10_32_36_488.jpg;-9.007561;1;0;4.800935;113.2157;96.52075;1.489655;32.02703;-4.32369E-06
/Users/ulrichludmann/Documents/ud_robotics_term1/RoboND-Rover-Project/IMG/robocam_2017_08_18_10_32_36_555.jpg;-6.007724;1;0;4.834843;113.5465;96.72104;1.44408;30.73773;359.9574
/Users/ulrichludmann/Documents/ud_robotics_term1/RoboND-Rover-Project/IMG/robocam_2017_08_18_10_32_36_622.jpg;-3.013381;1;0;4.869171;113.7977;96.86965;1.384259;30.0095;359.8983
/Users/ulrichludmann/Documents/ud_robotics_term1/RoboND-Rover-Project/IMG/robocam_2017_08_18_10_32_36_688.jpg;-0.02317429;1;0;4.916173;114.051;97.01794;1.293804;29.59584;359.8543
/Users/ulrichludmann/Documents/ud_robotics_term1/RoboND-Rover-Project/IMG/robocam_2017_08_18_10_32_36_755.jpg;0;1;0;4.950934;114.3929;97.21561;1.194352;29.43287;359.7792
/Users/ulrichludmann/Documents/ud_robotics_term1/RoboND-Rover-Project/IMG/robocam_2017_08_18_10_32_36_822.jpg;0;1;0;4.984355;114.652;97.36454;1.135236;29.42433;359.7389
/Users/ulrichludmann/Documents/ud_robotics_term1/RoboND-Rover-Project/IMG/robocam_2017_08_18_10_32_36_888.jpg;0;1;0;5.008907;114.9127;97.51376;1.109204;29.44208;359.7023
/Users/ulrichludmann/Documents/ud_robotics_term1/RoboND-Rover-Project/IMG/robocam_2017_08_18_10_32_36_955.jpg;0;1;0;5.020566;115.2605;97.71299;1.10061;29.50734;359.6937
/Users/ulrichludmann/Documents/ud_robotics_term1/RoboND-Rover-Project/IMG/robocam_2017_08_18_10_32_37_021.jpg;0;1;0;5.017181;115.522;97.86289;1.123218;29.52941;359.7177
/Users/ulrichludmann/Documents/ud_robotics_term1/RoboND-Rover-Project/IMG/robocam_2017_08_18_10_32_37_088.jpg;0;1;0;5.014671;115.7831;98.01276;1.154749;29.60508;359.7576
/Users/ulrichludmann/Documents/ud_robotics_term1/RoboND-Rover-Project/IMG/robocam_2017_08_18_10_32_37_155.jpg;0;1;0;5.019824;116.1323;98.21353;1.243212;29.64912;359.8351
/Users/ulrichludmann/Documents/ud_robotics_term1/RoboND-Rover-Project/IMG/robocam_2017_08_18_10_32_37_227.jpg;0;1;0;4.98539;116.3936;98.36414;1.312181;29.73854;359.9098
/Users/ulrichludmann/Documents/ud_robotics_term1/RoboND-Rover-Project/IMG/robocam_2017_08_18_10_32_37_294.jpg;0;1;0;5.018316;116.7432;98.56554;1.43891;29.77416;-0.003869028
/Users/ulrichludmann/Documents/ud_robotics_term1/RoboND-Rover-Project/IMG/robocam_2017_08_18_10_32_37_361.jpg;0;1;0;4.991916;117.0055;98.7153;1.519195;29.8014;-0.003497913
/Users/ulrichludmann/Documents/ud_robotics_term1/RoboND-Rover-Project/IMG/robocam_2017_08_18_10_32_37_428.jpg;0;1;0;5.031838;117.2659;98.8637;1.469082;29.78317;-0.001780436
/Users/ulrichludmann/Documents/ud_robotics_term1/RoboND-Rover-Project/IMG/robocam_2017_08_18_10_32_37_494.jpg;-1.490085;1;0;5.013538;117.6146;99.06129;1.44708;29.69469;-0.001389212
/Users/ulrichludmann/Documents/ud_robotics_term1/RoboND-Rover-Project/IMG/robocam_2017_08_18_10_32_37_561.jpg;-4.481236;1;0;5.007947;117.8772;99.20778;1.442899;29.33879;8.337608E-05
/Users/ulrichludmann/Documents/ud_robotics_term1/RoboND-Rover-Project/IMG/robocam_2017_08_18_10_32_37_627.jpg;-7.473871;1;0;4.992013;118.1413;99.35198;1.448682;28.66511;-0.000434603
/Users/ulrichludmann/Documents/ud_robotics_term1/RoboND-Rover-Project/IMG/robocam_2017_08_18_10_32_37_694.jpg;-10.46862;1;0;5.008057;118.497;99.5377;1.463047;27.24183;359.9277
/Users/ulrichludmann/Documents/ud_robotics_term1/RoboND-Rover-Project/IMG/robocam_2017_08_18_10_32_37_760.jpg;-7.483006;1;0;5.016294;118.7647;99.67284;1.378295;26.01104;359.8875
/Users/ulrichludmann/Documents/ud_robotics_term1/RoboND-Rover-Project/IMG/robocam_2017_08_18_10_32_37_826.jpg;-4.520343;1;0;5.003914;119.0322;99.80251;1.21989;24.91904;359.8128
/Users/ulrichludmann/Documents/ud_robotics_term1/RoboND-Rover-Project/IMG/robocam_2017_08_18_10_32_37_893.jpg;-1.503542;1;0;5.011178;119.3927;99.97052;1.034128;24.17912;359.629
/Users/ulrichludmann/Documents/ud_robotics_term1/RoboND-Rover-Project/IMG/robocam_2017_08_18_10_32_37_960.jpg;0;1;0;5.011665;119.6634;100.0954;0.8821704;23.96381;359.5403
/Users/ulrichludmann/Documents/ud_robotics_term1/RoboND-Rover-Project/IMG/robocam_2017_08_18_10_32_38_025.jpg;0;1;0;5.012316;119.935;100.2191;0.7513766;23.89712;359.4677
/Users/ulrichludmann/Documents/ud_robotics_term1/RoboND-Rover-Project/IMG/robocam_2017_08_18_10_32_38_093.jpg;0;1;0;5.011674;120.299;100.3832;0.651198;23.89086;359.3827
/Users/ulrichludmann/Documents/ud_robotics_term1/RoboND-Rover-Project/IMG/robocam_2017_08_18_10_32_38_159.jpg;0;1;0;5.008192;120.5727;100.5061;0.6193587;23.91499;359.3499
/Users/ulrichludmann/Documents/ud_robotics_term1/RoboND-Rover-Project/IMG/robocam_2017_08_18_10_32_38_225.jpg;0;1;0;4.994322;120.847;100.6294;0.621083;23.95599;359.3496
/Users/ulrichludmann/Documents/ud_robotics_term1/RoboND-Rover-Project/IMG/robocam_2017_08_18_10_32_38_292.jpg;0;1;0;5.000001;121.2134;100.7939;0.6756575;24.01697;359.3899
/Users/ulrichludmann/Documents/ud_robotics_term1/RoboND-Rover-Project/IMG/robocam_2017_08_18_10_32_38_358.jpg;0;1;0;5.010709;121.4886;100.9178;0.7415637;24.0593;359.4611
/Users/ulrichludmann/Documents/ud_robotics_term1/RoboND-Rover-Project/IMG/robocam_2017_08_18_10_32_38_424.jpg;0;1;0;5.016202;121.7644;101.0421;0.8375161;24.09256;359.5478
/Users/ulrichludmann/Documents/ud_robotics_term1/RoboND-Rover-Project/IMG/robocam_2017_08_18_10_32_38_491.jpg;0;1;0;4.995188;122.0403;101.1666;0.9551735;24.13313;359.6491
/Users/ulrichludmann/Documents/ud_robotics_term1/RoboND-Rover-Project/IMG/robocam_2017_08_18_10_32_38_557.jpg;0;1;0;5.00472;122.4086;101.3332;1.144452;24.18858;359.7993
/Users/ulrichludmann/Documents/ud_robotics_term1/RoboND-Rover-Project/IMG/robocam_2017_08_18_10_32_38_624.jpg;0;1;0;5.016191;122.6849;101.4587;1.294647;24.23502;359.9258
/Users/ulrichludmann/Documents/ud_robotics_term1/RoboND-Rover-Project/IMG/robocam_2017_08_18_10_32_38_690.jpg;0;1;0;5.000287;122.962;101.5836;1.453587;24.24017;-0.002036425
/Users/ulrichludmann/Documents/ud_robotics_term1/RoboND-Rover-Project/IMG/robocam_2017_08_18_10_32_38_757.jpg;0;1;0;5.013137;123.3283;101.7468;1.476714;24.22501;-0.004715197
/Users/ulrichludmann/Documents/ud_robotics_term1/RoboND-Rover-Project/IMG/robocam_2017_08_18_10_32_38_824.jpg;0;1;0;5.051337;123.6003;101.8679;1.351934;24.19073;-0.00107013
/Users/ulrichludmann/Documents/ud_robotics_term1/RoboND-Rover-Project/IMG/robocam_2017_08_18_10_32_38_890.jpg;0;1;0;5.012691;123.8741;101.9894;1.280322;24.15643;-0.001220294
/Users/ulrichludmann/Documents/ud_robotics_term1/RoboND-Rover-Project/IMG/robocam_2017_08_18_10_32_38_956.jpg;2.982421;1;0;5.010489;124.2394;102.1529;1.229363;24.31295;-0.001311752
/Users/ulrichludmann/Documents/ud_robotics_term1/RoboND-Rover-Project/IMG/robocam_2017_08_18_10_32_39_023.jpg;5.981535;1;0;5.01551;124.5127;102.2785;1.219488;24.84365;0.03584864
/Users/ulrichludmann/Documents/ud_robotics_term1/RoboND-Rover-Project/IMG/robocam_2017_08_18_10_32_39_089.jpg;8.971874;1;0;5.016651;124.7839;102.4079;1.208692;25.54971;0.1457525
/Users/ulrichludmann/Documents/ud_robotics_term1/RoboND-Rover-Project/IMG/robocam_2017_08_18_10_32_39_156.jpg;11.95457;1;0;5.017869;125.1411;102.5873;1.139685;27.28235;0.3609761
/Users/ulrichludmann/Documents/ud_robotics_term1/RoboND-Rover-Project/IMG/robocam_2017_08_18_10_32_39_222.jpg;14.9481;1;0;5.000246;125.4016;102.7261;0.8720403;29.21041;0.4793999
/Users/ulrichludmann/Documents/ud_robotics_term1/RoboND-Rover-Project/IMG/robocam_2017_08_18_10_32_39_288.jpg;15;1;0;5.009521;125.6562;102.8755;0.5774813;31.28587;0.7569892
/Users/ulrichludmann/Documents/ud_robotics_term1/RoboND-Rover-Project/IMG/robocam_2017_08_18_10_32_39_355.jpg;15;1;0;5.006658;125.9854;103.0851;0.03282322;34.14545;1.18782
/Users/ulrichludmann/Documents/ud_robotics_term1/RoboND-Rover-Project/IMG/robocam_2017_08_18_10_32_39_422.jpg;15;1;0;5.006601;126.2283;103.2504;359.7092;36.00747;1.44531
/Users/ulrichludmann/Documents/ud_robotics_term1/RoboND-Rover-Project/IMG/robocam_2017_08_18_10_32_39_488.jpg;15;1;0;5.000962;126.4724;103.4229;359.6845;37.66997;1.475798
/Users/ulrichludmann/Documents/ud_robotics_term1/RoboND-Rover-Project/IMG/robocam_2017_08_18_10_32_39_555.jpg;15;1;0;5.000499;126.7944;103.6664;359.9469;39.90968;1.333742
/Users/ulrichludmann/Documents/ud_robotics_term1/RoboND-Rover-Project/IMG/robocam_2017_08_18_10_32_39_622.jpg;15;1;0;5.001161;127.0287;103.8608;0.1854625;42.01333;1.190491
/Users/ulrichludmann/Documents/ud_robotics_term1/RoboND-Rover-Project/IMG/robocam_2017_08_18_10_32_39_688.jpg;15;1;0;5.006456;127.2513;104.0628;0.2449563;44.47176;1.124461
/Users/ulrichludmann/Documents/ud_robotics_term1/RoboND-Rover-Project/IMG/robocam_2017_08_18_10_32_39_756.jpg;15;1;0;5.005651;127.5295;104.3433;0.008459376;47.79174;1.205988
/Users/ulrichludmann/Documents/ud_robotics_term1/RoboND-Rover-Project/IMG/robocam_2017_08_18_10_32_39_822.jpg;15;1;0;5.004008;127.7309;104.5643;359.9502;50.0073;1.242916
/Users/ulrichludmann/Documents/ud_robotics_term1/RoboND-Rover-Project/IMG/robocam_2017_08_18_10_32_39_888.jpg;15;1;0;5.011377;127.9238;104.795;0.02806082;52.13131;1.350474
/Users/ulrichludmann/Documents/ud_robotics_term1/RoboND-Rover-Project/IMG/robocam_2017_08_18_10_32_39_955.jpg;15;1;0;5.00246;128.1699;105.108;359.9693;54.58427;1.289393
/Users/ulrichludmann/Documents/ud_robotics_term1/RoboND-Rover-Project/IMG/robocam_2017_08_18_10_32_40_023.jpg;15;1;0;5.032944;128.3445;105.3528;0.00375487;56.62515;1.24003
/Users/ulrichludmann/Documents/ud_robotics_term1/RoboND-Rover-Project/IMG/robocam_2017_08_18_10_32_40_089.jpg;15;1;0;5.009183;128.5108;105.6026;0.01555714;58.63987;1.127132
/Users/ulrichludmann/Documents/ud_robotics_term1/RoboND-Rover-Project/IMG/robocam_2017_08_18_10_32_40_156.jpg;15;1;0;5.008261;128.7134;105.9469;0.009518669;61.40406;1.199104
/Users/ulrichludmann/Documents/ud_robotics_term1/RoboND-Rover-Project/IMG/robocam_2017_08_18_10_32_40_223.jpg;15;1;0;5.002728;128.8573;106.2099;0.01337959;63.36986;1.154258
/Users/ulrichludmann/Documents/ud_robotics_term1/RoboND-Rover-Project/IMG/robocam_2017_08_18_10_32_40_288.jpg;15;1;0;5.008795;128.9901;106.4787;0.01295417;65.42646;1.174944
/Users/ulrichludmann/Documents/ud_robotics_term1/RoboND-Rover-Project/IMG/robocam_2017_08_18_10_32_40_355.jpg;15;1;0;5.008679;129.1533;106.8436;0.0155757;68.09119;1.172691
/Users/ulrichludmann/Documents/ud_robotics_term1/RoboND-Rover-Project/IMG/robocam_2017_08_18_10_32_40_422.jpg;15;1;0;5.008254;129.2641;107.122;0.008992158;70.13601;1.170758
/Users/ulrichludmann/Documents/ud_robotics_term1/RoboND-Rover-Project/IMG/robocam_2017_08_18_10_32_40_489.jpg;15;1;0;5.009243;129.365;107.4041;0.004999498;72.161;1.179817
/Users/ulrichludmann/Documents/ud_robotics_term1/RoboND-Rover-Project/IMG/robocam_2017_08_18_10_32_40_555.jpg;15;1;0;5.007378;129.484;107.7856;9.12604E-05;74.87836;1.179836
/Users/ulrichludmann/Documents/ud_robotics_term1/RoboND-Rover-Project/IMG/robocam_2017_08_18_10_32_40_622.jpg;15;1;0;5.005877;129.56;108.0756;0.00222883;76.89456;1.245668
/Users/ulrichludmann/Documents/ud_robotics_term1/RoboND-Rover-Project/IMG/robocam_2017_08_18_10_32_40_688.jpg;15;1;0;5.00211;129.6298;108.367;0.009815329;78.7141;1.155603
/Users/ulrichludmann/Documents/ud_robotics_term1/RoboND-Rover-Project/IMG/robocam_2017_08_18_10_32_40_755.jpg;15;1;0;5.012475;129.7028;108.7601;0.000550097;81.52853;1.17019
/Users/ulrichludmann/Documents/ud_robotics_term1/RoboND-Rover-Project/IMG/robocam_2017_08_18_10_32_40_821.jpg;15;1;0;5.008464;129.7459;109.0568;0.01409463;83.52428;1.18303
/Users/ulrichludmann/Documents/ud_robotics_term1/RoboND-Rover-Project/IMG/robocam_2017_08_18_10_32_40_888.jpg;15;1;0;5.011998;129.7792;109.3549;0.01425156;85.56987;1.16182
/Users/ulrichludmann/Documents/ud_robotics_term1/RoboND-Rover-Project/IMG/robocam_2017_08_18_10_32_40_954.jpg;15;1;0;5.007922;129.806;109.7534;0.004334317;88.27003;1.182873
/Users/ulrichludmann/Documents/ud_robotics_term1/RoboND-Rover-Project/IMG/robocam_2017_08_18_10_32_41_021.jpg;15;1;0;5.009834;129.8145;110.0529;-0.005351245;90.32434;1.17338
/Users/ulrichludmann/Documents/ud_robotics_term1/RoboND-Rover-Project/IMG/robocam_2017_08_18_10_32_41_087.jpg;15;1;0;5.005883;129.8118;110.353;0.01571536;92.3392;1.178123
/Users/ulrichludmann/Documents/ud_robotics_term1/RoboND-Rover-Project/IMG/robocam_2017_08_18_10_32_41_154.jpg;15;1;0;5.008687;129.7917;110.7522;0.0174219;95.06473;1.197645
/Users/ulrichludmann/Documents/ud_robotics_term1/RoboND-Rover-Project/IMG/robocam_2017_08_18_10_32_41_221.jpg;15;1;0;5.012786;129.7637;111.0504;0.01333322;97.03134;1.236227
/Users/ulrichludmann/Documents/ud_robotics_term1/RoboND-Rover-Project/IMG/robocam_2017_08_18_10_32_41_288.jpg;13.50033;1;0;5.00293;129.7291;111.3485;0.02182427;98.90225;1.125511
/Users/ulrichludmann/Documents/ud_robotics_term1/RoboND-Rover-Project/IMG/robocam_2017_08_18_10_32_41_354.jpg;10.51044;1;0;5.009636;129.6633;111.7426;-0.004794726;101.3244;1.15608
/Users/ulrichludmann/Documents/ud_robotics_term1/RoboND-Rover-Project/IMG/robocam_2017_08_18_10_32_41_421.jpg;7.50642;1;0;5.010429;129.6043;112.0373;0.01887978;102.7218;1.190972
/Users/ulrichludmann/Documents/ud_robotics_term1/RoboND-Rover-Project/IMG/robocam_2017_08_18_10_32_41_488.jpg;4.498304;1;0;5.012221;129.541;112.3305;0.004932651;103.7679;1.128997
/Users/ulrichludmann/Documents/ud_robotics_term1/RoboND-Rover-Project/IMG/robocam_2017_08_18_10_32_41_554.jpg;7.497285;1;0;5.012053;129.4452;112.7195;0.0148875;105.0031;1.091402
/Users/ulrichludmann/Documents/ud_robotics_term1/RoboND-Rover-Project/IMG/robocam_2017_08_18_10_32_41_621.jpg;10.49325;1;0;5.010646;129.365;113.0086;0.004667861;106.143;1.128124
/Users/ulrichludmann/Documents/ud_robotics_term1/RoboND-Rover-Project/IMG/robocam_2017_08_18_10_32_41_688.jpg;13.49389;1;0;5.009151;129.2783;113.2958;-0.004125488;107.5425;1.159232
/Users/ulrichludmann/Documents/ud_robotics_term1/RoboND-Rover-Project/IMG/robocam_2017_08_18_10_32_41_755.jpg;15;1;0;5.008286;129.1514;113.6753;0.01418464;109.8443;1.152999
/Users/ulrichludmann/Documents/ud_robotics_term1/RoboND-Rover-Project/IMG/robocam_2017_08_18_10_32_41_821.jpg;15;1;0;5.009147;129.0461;113.9561;0.01315089;111.7594;1.159822
/Users/ulrichludmann/Documents/ud_robotics_term1/RoboND-Rover-Project/IMG/robocam_2017_08_18_10_32_41_888.jpg;15;1;0;5.009289;128.9321;114.2334;0.0144993;113.7086;1.172282
/Users/ulrichludmann/Documents/ud_robotics_term1/RoboND-Rover-Project/IMG/robocam_2017_08_18_10_32_41_955.jpg;15;1;0;5.009781;128.7663;114.5973;0.02378128;116.3463;1.195369
/Users/ulrichludmann/Documents/ud_robotics_term1/RoboND-Rover-Project/IMG/robocam_2017_08_18_10_32_42_021.jpg;11.99674;1;0;5.013865;128.6324;114.8653;0.01275933;118.1496;1.19104
/Users/ulrichludmann/Documents/ud_robotics_term1/RoboND-Rover-Project/IMG/robocam_2017_08_18_10_32_42_088.jpg;8.995516;1;0;5.018151;128.4918;115.1306;0.01670005;119.7802;1.112568
/Users/ulrichludmann/Documents/ud_robotics_term1/RoboND-Rover-Project/IMG/robocam_2017_08_18_10_32_42_155.jpg;5.987759;1;0;5.010814;128.2919;115.4769;359.9937;121.4354;1.124408
/Users/ulrichludmann/Documents/ud_robotics_term1/RoboND-Rover-Project/IMG/robocam_2017_08_18_10_32_42_222.jpg;2.987295;1;0;5.011228;128.1362;115.7344;0.02040781;122.2325;1.118683
/Users/ulrichludmann/Documents/ud_robotics_term1/RoboND-Rover-Project/IMG/robocam_2017_08_18_10_32_42_288.jpg;0;1;0;5.011671;127.978;115.99;0.02583837;122.6753;1.076207
/Users/ulrichludmann/Documents/ud_robotics_term1/RoboND-Rover-Project/IMG/robocam_2017_08_18_10_32_42_355.jpg;0;1;0;5.012138;127.7637;116.3293;0.05263633;122.8909;0.9859589
/Users/ulrichludmann/Documents/ud_robotics_term1/RoboND-Rover-Project/IMG/robocam_2017_08_18_10_32_42_422.jpg;-2.999925;1;0;5.011478;127.6016;116.5842;0.1266394;122.788;0.9047328
/Users/ulrichludmann/Documents/ud_robotics_term1/RoboND-Rover-Project/IMG/robocam_2017_08_18_10_32_42_488.jpg;-6.00291;1;0;5.005708;127.4408;116.8413;0.2646379;122.3259;0.7630446
/Users/ulrichludmann/Documents/ud_robotics_term1/RoboND-Rover-Project/IMG/robocam_2017_08_18_10_32_42_555.jpg;-8.99838;1;0;5.015733;127.2316;117.1886;0.5117204;121.1227;0.4251846
/Users/ulrichludmann/Documents/ud_robotics_term1/RoboND-Rover-Project/IMG/robocam_2017_08_18_10_32_42_622.jpg;-5.999715;1;0;5.006466;127.0788;117.452;0.7307726;120.0955;0.08921754
/Users/ulrichludmann/Documents/ud_robotics_term1/RoboND-Rover-Project/IMG/robocam_2017_08_18_10_32_42_688.jpg;-2.999791;1;0;5.011489;126.928;117.7163;0.9369287;119.3089;359.7601
/Users/ulrichludmann/Documents/ud_robotics_term1/RoboND-Rover-Project/IMG/robocam_2017_08_18_10_32_42_755.jpg;0;1;0;5.011148;126.7279;118.0665;1.082896;118.7814;359.4906
/Users/ulrichludmann/Documents/ud_robotics_term1/RoboND-Rover-Project/IMG/robocam_2017_08_18_10_32_42_822.jpg;0;1;0;5.00996;126.5786;118.3255;0.9852703;118.6227;359.502
/Users/ulrichludmann/Documents/ud_robotics_term1/RoboND-Rover-Project/IMG/robocam_2017_08_18_10_32_42_888.jpg;0;1;0;5.056358;126.4325;118.584;0.7972921;118.5666;359.5668
/Users/ulrichludmann/Documents/ud_robotics_term1/RoboND-Rover-Project/IMG/robocam_2017_08_18_10_32_42_955.jpg;0;1;0;5.007378;126.2403;118.9328;0.6670299;118.4945;359.5855
/Users/ulrichludmann/Documents/ud_robotics_term1/RoboND-Rover-Project/IMG/robocam_2017_08_18_10_32_43_022.jpg;0;1;0;5.018228;126.0958;119.1963;0.6403736;118.482;359.5977
/Users/ulrichludmann/Documents/ud_robotics_term1/RoboND-Rover-Project/IMG/robocam_2017_08_18_10_32_43_088.jpg;1.496565;1;0;5.012456;125.9513;119.4596;0.6414041;118.5502;359.6293
/Users/ulrichludmann/Documents/ud_robotics_term1/RoboND-Rover-Project/IMG/robocam_2017_08_18_10_32_43_155.jpg;4.503421;1;0;5.023403;125.7551;119.8106;0.714774;119.0192;359.7529
/Users/ulrichludmann/Documents/ud_robotics_term1/RoboND-Rover-Project/IMG/robocam_2017_08_18_10_32_43_222.jpg;7.500556;1;0;5.01566;125.6034;120.0728;0.8319286;119.7595;359.9334
/Users/ulrichludmann/Documents/ud_robotics_term1/RoboND-Rover-Project/IMG/robocam_2017_08_18_10_32_43_288.jpg;7.503214;1;0;5.013337;125.449;120.3325;0.9287252;120.8172;0.1106072
/Users/ulrichludmann/Documents/ud_robotics_term1/RoboND-Rover-Project/IMG/robocam_2017_08_18_10_32_43_355.jpg;4.498789;1;0;5.011653;125.2392;120.6763;1.035388;121.9908;0.3621009
/Users/ulrichludmann/Documents/ud_robotics_term1/RoboND-Rover-Project/IMG/robocam_2017_08_18_10_32_43_422.jpg;1.500889;1;0;5.011196;125.0822;120.9321;1.011707;122.5645;0.4437447
/Users/ulrichludmann/Documents/ud_robotics_term1/RoboND-Rover-Project/IMG/robocam_2017_08_18_10_32_43_488.jpg;0;1;0;5.021523;124.9253;121.1863;0.8852783;122.8949;0.424794
/Users/ulrichludmann/Documents/ud_robotics_term1/RoboND-Rover-Project/IMG/robocam_2017_08_18_10_32_43_555.jpg;0;1;0;5.014266;124.7109;121.5233;0.790774;123.0258;0.486166
/Users/ulrichludmann/Documents/ud_robotics_term1/RoboND-Rover-Project/IMG/robocam_2017_08_18_10_32_43_622.jpg;0;1;0;5.00156;124.5489;121.7756;0.7565203;123.018;0.5288469
/Users/ulrichludmann/Documents/ud_robotics_term1/RoboND-Rover-Project/IMG/robocam_2017_08_18_10_32_43_688.jpg;0;1;0;5.016051;124.3864;122.0286;0.7597368;122.9954;0.5439265
/Users/ulrichludmann/Documents/ud_robotics_term1/RoboND-Rover-Project/IMG/robocam_2017_08_18_10_32_43_755.jpg;0;1;0;4.996065;124.1692;122.3669;0.8080518;122.9588;0.517643
/Users/ulrichludmann/Documents/ud_robotics_term1/RoboND-Rover-Project/IMG/robocam_2017_08_18_10_32_43_822.jpg;-2.998576;1;0;5.00121;124.0074;122.6212;0.8676309;122.728;0.4475272
/Users/ulrichludmann/Documents/ud_robotics_term1/RoboND-Rover-Project/IMG/robocam_2017_08_18_10_32_43_888.jpg;-6.005791;1;0;5.015399;123.8476;122.8779;0.9600864;122.2232;0.3076931
/Users/ulrichludmann/Documents/ud_robotics_term1/RoboND-Rover-Project/IMG/robocam_2017_08_18_10_32_43_955.jpg;-3.010141;1;0;4.995317;123.6373;123.223;1.131538;121.4009;0.04955941
/Users/ulrichludmann/Documents/ud_robotics_term1/RoboND-Rover-Project/IMG/robocam_2017_08_18_10_32_44_022.jpg;-0.01660556;1;0;5.008933;123.4792;123.4813;1.253618;121.0911;359.9617
/Users/ulrichludmann/Documents/ud_robotics_term1/RoboND-Rover-Project/IMG/robocam_2017_08_18_10_32_44_088.jpg;0;1;0;5.013903;123.3211;123.7396;1.37436;121.0059;359.9058
/Users/ulrichludmann/Documents/ud_robotics_term1/RoboND-Rover-Project/IMG/robocam_2017_08_18_10_32_44_155.jpg;0;1;0;5.005551;123.1099;124.0821;1.432476;120.959;359.9672
/Users/ulrichludmann/Documents/ud_robotics_term1/RoboND-Rover-Project/IMG/robocam_2017_08_18_10_32_44_222.jpg;0;1;0;5.001311;122.9538;124.3388;1.429893;121.2234;359.9862
/Users/ulrichludmann/Documents/ud_robotics_term1/RoboND-Rover-Project/IMG/robocam_2017_08_18_10_32_44_288.jpg;0;1;0;5.016321;122.7976;124.5962;1.448649;121.2456;-0.005362959
/Users/ulrichludmann/Documents/ud_robotics_term1/RoboND-Rover-Project/IMG/robocam_2017_08_18_10_32_44_355.jpg;0;1;0;4.993742;122.5892;124.9398;1.487037;121.2814;-0.003932872
/Users/ulrichludmann/Documents/ud_robotics_term1/RoboND-Rover-Project/IMG/robocam_2017_08_18_10_32_44_422.jpg;0;0.8997431;0;5.00875;122.4331;125.1975;1.520043;121.2819;-0.003609397
/Users/ulrichludmann/Documents/ud_robotics_term1/RoboND-Rover-Project/IMG/robocam_2017_08_18_10_32_44_488.jpg;0;0.700006;0;5.02927;122.2788;125.4528;1.403384;121.2825;-0.002255146
/Users/ulrichludmann/Documents/ud_robotics_term1/RoboND-Rover-Project/IMG/robocam_2017_08_18_10_32_44_555.jpg;0;0.49981;0;5.004225;122.0734;125.7937;1.263226;121.2461;-0.001193252
/Users/ulrichludmann/Documents/ud_robotics_term1/RoboND-Rover-Project/IMG/robocam_2017_08_18_10_32_44_622.jpg;0;0.2998;0;5.004878;121.9199;126.049;1.136278;121.2164;-0.0009740804
